land_cost,land_rent,land_level
768,8,0
1344,14,1
2352,24.5,2
4116,42.875,3
7203,75.03125,4
12605.25,131.3046875,5
22059.1875,229.7832031,6
38603.57813,402.1206055,7
67556.26172,703.7110596,8
118223.458,1231.494354,9
206891.0515,2155.11512,10